hospital_id,diagnosis,visit date ,discharge_date,visit_date,patient_id ,visit_id 
h01,Infection,2024-12-10,2024-03-01,2023-02-05,p01,v001
h02,Flu,2023-02-02,2023-10-28,2024-09-09,p02,v002
h03,Fracture,2024-07-04,2024-09-30,2023-11-10,p03,v003
h04,Infection,2024-06-05,2023-09-26,2024-03-10,p04,v004
h05,Cancer,2023-12-23,2023-06-14,2024-03-02,p05,v005
h06,Migraine,2024-03-12,2023-08-30,2023-09-17,p06,v006
h07,Flu,2023-12-20,2024-02-11,2023-05-31,p07,v007
h08,Infection,2023-10-26,2024-02-16,2024-04-16,p08,v008
h09,Asthma,2024-07-10,2024-07-30,2023-11-17,p09,v009
h10,Diabetes,2023-08-05,2023-07-17,2024-08-09,p10,v010
h11,Flu,2023-03-05,2024-05-27,2023-08-28,p11,v011
h12,Fracture,2023-03-22,2024-09-19,2023-09-02,p12,v012
h13,Migraine,2024-05-09,2024-05-11,2023-08-04,p13,v013
h14,Diabetes,2023-02-23,2024-12-12,2024-06-19,p14,v014
h15,Asthma,2024-08-06,2024-06-22,2024-06-30,p15,v015
h16,Hypertension,2023-03-08,2023-08-01,2024-05-09,p16,v016
h17,Infection,2024-01-21,2023-04-18,2023-08-27,p17,v017
h18,Diabetes,2023-01-07,2023-06-16,2023-05-26,p18,v018
h19,Migraine,2024-11-07,2024-03-06,2023-11-27,p19,v019
h20,Diabetes,2024-08-20,2023-05-20,2023-06-22,p20,v020
h21,Hypertension,2024-09-14,2024-01-12,2023-01-16,p21,v021
h22,Cancer,2024-07-28,2023-10-22,2024-11-25,p22,v022
h23,Fracture,2024-12-28,2023-03-14,2023-12-15,p23,v023
h24,Diabetes,2023-06-20,2024-08-21,2023-07-15,p24,v024
h25,Flu,2023-04-01,2024-09-17,2024-09-08,p25,v025
h26,Diabetes,2023-09-14,2023-08-05,2024-10-14,p26,v026
h27,Flu,2024-12-12,2023-09-22,2023-11-08,p27,v027
h28,Asthma,2024-08-31,2024-05-22,2023-04-08,p28,v028
h29,Asthma,2023-06-11,2024-08-30,2023-06-11,p29,v029
h30,Diabetes,2024-10-02,2024-06-21,2024-12-31,p30,v030
h31,Infection,2023-09-06,2024-09-11,2024-01-02,p31,v031
h32,Fracture,2023-11-19,2024-10-15,2023-11-09,p32,v032
h33,Migraine,2024-11-29,2023-06-25,2024-04-08,p33,v033
h34,Asthma,2023-08-05,2024-02-25,2024-12-08,p34,v034
h35,Fracture,2023-02-23,2023-06-05,2024-04-24,p35,v035
h36,Fracture,2024-06-25,2023-01-30,2023-04-02,p36,v036
h37,Migraine,2024-12-14,2023-01-23,2024-07-16,p37,v037
h38,Flu,2023-09-07,2023-01-30,2023-07-11,p38,v038
h39,Flu,2023-01-17,2024-09-21,2024-10-11,p39,v039
h40,Infection,2024-12-31,2024-08-01,2024-07-27,p40,v040
h41,Fracture,2024-12-20,2023-12-18,2024-01-14,p41,v041
h42,Cancer,2024-10-17,2023-08-21,2023-05-09,p42,v042
h43,Cancer,2024-11-22,2024-08-22,2023-04-11,p43,v043
h44,Cancer,2023-12-24,2023-04-18,2024-12-31,p44,v044
h45,Hypertension,2024-12-31,2024-06-14,2024-08-18,p45,v045
h46,Migraine,2023-02-15,2023-10-22,2024-03-21,p46,v046
h47,Diabetes,2023-03-20,2024-01-17,2023-07-15,p47,v047
h48,Infection,2024-10-30,2023-12-17,2023-11-25,p48,v048
h49,Hypertension,2023-04-04,2023-09-04,2024-05-26,p49,v049
h50,Infection,2023-05-25,2024-02-12,2023-06-09,p50,v050
h51,Infection,2023-03-11,2023-11-24,2024-02-29,p51,v051
h52,Asthma,2023-11-27,2024-11-14,2024-03-06,p52,v052
h53,Asthma,2023-05-22,2024-06-21,2024-12-27,p53,v053
h54,Migraine,2024-06-07,2023-10-24,2024-12-18,p54,v054
h55,Cancer,2024-06-02,2023-01-14,2024-06-08,p55,v055
h56,Migraine,2023-10-20,2024-04-01,2023-10-04,p56,v056
h57,Cancer,2023-07-11,2023-06-18,2024-04-07,p57,v057
h58,Cancer,2023-08-12,2023-01-12,2024-03-11,p58,v058
h59,Flu,2024-07-29,2024-05-04,2024-12-24,p59,v059
h60,Fracture,2024-10-12,2024-12-08,2023-06-26,p60,v060
h61,Diabetes,2024-10-29,2024-01-02,2023-03-27,p61,v061
h62,Diabetes,2024-10-13,2024-10-22,2023-04-05,p62,v062
h63,Diabetes,2024-08-27,2024-06-20,2024-01-19,p63,v063
h64,Asthma,2023-02-18,2023-12-13,2023-09-07,p64,v064
h65,Asthma,2023-03-31,2024-06-14,2024-01-10,p65,v065
h66,Hypertension,2024-12-01,2024-04-21,2024-03-04,p66,v066
h67,Diabetes,2024-12-11,2024-03-20,2024-09-11,p67,v067
h68,Flu,2023-06-10,2024-11-11,2023-03-18,p68,v068
h69,Hypertension,2024-02-14,2024-05-06,2023-12-06,p69,v069
h70,Fracture,2023-04-21,2023-09-22,2023-01-27,p70,v070
h71,Migraine,2024-09-20,2023-06-20,2024-06-13,p71,v071
h72,Migraine,2023-07-29,2023-11-07,2024-03-03,p72,v072
h73,Diabetes,2024-12-29,2023-12-26,2024-02-11,p73,v073
h74,Asthma,2023-08-17,2024-01-31,2024-08-27,p74,v074
h75,Diabetes,2023-10-11,2024-12-04,2023-08-04,p75,v075
h76,Infection,2024-11-11,2023-01-22,2023-03-12,p76,v076
h77,Asthma,2023-01-09,2023-11-09,2023-06-10,p77,v077
h78,Fracture,2024-09-18,2023-05-06,2024-01-27,p78,v078
h79,Flu,2023-07-28,2023-03-12,2023-09-14,p79,v079
h80,Diabetes,2024-02-17,2023-12-13,2024-11-19,p80,v080
h81,Fracture,2023-08-12,2024-01-19,2024-11-09,p81,v081
h82,Infection,2024-10-26,2024-12-12,2024-01-04,p82,v082
h83,Infection,2024-05-18,2024-09-15,2024-01-02,p83,v083
h84,Asthma,2024-03-18,2023-10-09,2024-09-03,p84,v084
h85,Asthma,2024-06-13,2023-06-20,2023-08-03,p85,v085
h86,Migraine,2024-08-16,2024-11-03,2024-12-01,p86,v086
h87,Fracture,2023-03-17,2023-10-13,2024-10-03,p87,v087
h88,Hypertension,2024-11-04,2024-01-14,2024-01-04,p88,v088
h89,Fracture,2023-03-01,2023-08-04,2024-01-28,p89,v089
h90,Infection,2024-07-30,2023-04-19,2023-05-16,p90,v090
h91,Asthma,2024-12-05,2024-01-01,2023-04-30,p91,v091
h92,Fracture,2024-10-18,2023-08-22,2023-08-10,p92,v092
h93,Migraine,2024-11-30,2023-04-09,2024-12-15,p93,v093
h94,Migraine,2023-07-26,2023-09-28,2023-08-31,p94,v094
h95,Migraine,2024-12-01,2024-01-14,2024-09-27,p95,v095
h96,Cancer,2023-05-03,2023-11-30,2023-02-13,p96,v096
h97,Cancer,2024-01-14,2023-11-24,2024-01-28,p97,v097
h98,Cancer,2024-01-28,2023-01-20,2024-01-04,p98,v098
h99,Diabetes,2024-08-05,2023-01-03,2024-09-20,p99,v099
h100,Cancer,2023-09-25,2023-05-02,2024-05-30,p100,v100
h101,Hypertension,2023-11-09,2023-12-02,2024-08-29,p101,v101
h102,Migraine,2023-07-07,2024-06-01,2023-12-10,p102,v102
h103,Fracture,2024-03-25,2024-06-04,2024-04-30,p103,v103
h104,Cancer,2024-03-20,2023-08-12,2023-05-07,p104,v104
h105,Flu,2023-02-10,2024-10-15,2024-10-09,p105,v105
h106,Infection,2023-07-20,2024-06-08,2023-04-15,p106,v106
h107,Fracture,2024-10-12,2023-01-15,2024-07-14,p107,v107
h108,Infection,2023-09-06,2023-11-22,2024-10-16,p108,v108
h109,Diabetes,2023-12-05,2023-12-21,2024-09-08,p109,v109
h110,Asthma,2023-05-01,2024-08-18,2023-06-12,p110,v110
h111,Hypertension,2024-04-06,2024-12-04,2023-11-09,p111,v111
h112,Migraine,2024-08-03,2023-03-19,2023-04-05,p112,v112
h113,Asthma,2023-01-05,2023-07-09,2024-04-27,p113,v113
h114,Diabetes,2024-05-16,2024-05-22,2024-12-07,p114,v114
h115,Fracture,2023-03-10,2023-07-29,2024-09-06,p115,v115
h116,Flu,2023-05-29,2023-01-21,2023-06-09,p116,v116
h117,Asthma,2024-05-26,2024-07-26,2024-02-12,p117,v117
h118,Migraine,2024-06-03,2024-07-07,2023-10-25,p118,v118
h119,Hypertension,2023-02-22,2024-02-19,2024-05-23,p119,v119
h120,Fracture,2024-03-02,2023-08-14,2024-02-10,p120,v120
h121,Infection,2023-03-28,2024-12-29,2024-07-09,p121,v121
h122,Infection,2024-02-05,2023-09-06,2023-10-22,p122,v122
h123,Hypertension,2023-12-31,2023-03-21,2024-01-29,p123,v123
h124,Diabetes,2023-02-24,2023-12-01,2023-06-30,p124,v124
h125,Hypertension,2023-12-28,2023-10-25,2023-03-23,p125,v125
h126,Cancer,2024-03-17,2024-12-20,2024-04-15,p126,v126
h127,Cancer,2023-12-31,2024-06-21,2023-09-26,p127,v127
h128,Fracture,2024-01-12,2024-03-12,2024-04-19,p128,v128
h129,Asthma,2023-08-13,2023-07-09,2023-01-05,p129,v129
h130,Diabetes,2024-07-20,2023-04-15,2023-08-24,p130,v130
h131,Asthma,2023-05-29,2024-12-08,2023-09-03,p131,v131
h132,Infection,2024-02-27,2024-10-23,2024-11-21,p132,v132
h133,Flu,2023-03-05,2023-11-15,2024-07-28,p133,v133
h134,Flu,2024-01-20,2024-09-23,2023-01-06,p134,v134
h135,Cancer,2023-03-19,2024-09-24,2024-11-25,p135,v135
h136,Diabetes,2023-06-24,2024-07-18,2023-01-06,p136,v136
h137,Migraine,2024-10-29,2024-03-02,2023-05-20,p137,v137
h138,Infection,2023-01-09,2023-03-05,2023-09-18,p138,v138
h139,Flu,2023-04-05,2024-08-31,2024-01-08,p139,v139
h140,Diabetes,2024-02-05,2024-02-14,2024-11-26,p140,v140
h141,Hypertension,2024-05-01,2023-04-18,2023-08-06,p141,v141
h142,Diabetes,2023-07-05,2024-12-18,2023-10-15,p142,v142
h143,Hypertension,2024-05-18,2023-12-05,2024-03-17,p143,v143
h144,Hypertension,2024-07-13,2024-03-17,2023-09-17,p144,v144
h145,Fracture,2024-05-08,2023-12-23,2023-03-18,p145,v145
h146,Hypertension,2023-10-12,2024-12-28,2023-05-01,p146,v146
h147,Migraine,2024-02-28,2024-07-09,2024-04-18,p147,v147
h148,Fracture,2023-11-18,2023-09-06,2024-01-15,p148,v148
h149,Asthma,2023-06-17,2024-10-06,2023-09-28,p149,v149
h150,Hypertension,2023-11-26,2024-10-16,2023-06-25,p150,v150
h151,Cancer,2024-11-17,2023-06-16,2023-03-24,p151,v151
h152,Infection,2023-10-07,2024-03-25,2023-05-18,p152,v152
h153,Asthma,2023-06-26,2024-12-11,2024-08-02,p153,v153
h154,Flu,2024-09-29,2024-04-04,2023-01-31,p154,v154
h155,Fracture,2023-08-27,2024-09-05,2023-02-24,p155,v155
h156,Hypertension,2024-01-22,2024-03-17,2023-10-09,p156,v156
h157,Diabetes,2023-07-21,2023-01-06,2024-08-06,p157,v157
h158,Fracture,2023-04-26,2024-07-07,2024-09-06,p158,v158
h159,Infection,2024-12-14,2023-08-14,2023-07-06,p159,v159
h160,Fracture,2023-07-28,2024-12-28,2024-01-17,p160,v160
h161,Diabetes,2024-12-11,2023-06-04,2024-08-14,p161,v161
h162,Cancer,2024-04-23,2024-09-14,2023-06-03,p162,v162
h163,Fracture,2023-10-24,2023-03-26,2023-04-12,p163,v163
h164,Flu,2023-02-20,2023-01-21,2023-08-09,p164,v164
h165,Infection,2023-11-16,2024-10-17,2023-05-01,p165,v165
h166,Flu,2024-06-23,2023-01-21,2024-03-22,p166,v166
h167,Diabetes,2023-06-13,2024-07-29,2024-08-03,p167,v167
h168,Hypertension,2023-05-01,2024-03-23,2023-11-05,p168,v168
h169,Diabetes,2023-05-03,2023-08-08,2023-06-14,p169,v169
h170,Infection,2024-06-03,2023-04-30,2023-07-09,p170,v170
h171,Flu,2023-03-21,2024-07-17,2023-08-12,p171,v171
h172,Flu,2023-07-08,2023-07-11,2023-04-13,p172,v172
h173,Diabetes,2023-01-24,2023-03-15,2023-04-26,p173,v173
h174,Cancer,2023-12-15,2024-02-16,2023-06-17,p174,v174
h175,Migraine,2023-05-11,2023-08-20,2024-09-29,p175,v175
h176,Flu,2023-12-20,2023-12-29,2024-08-21,p176,v176
h177,Fracture,2024-12-21,2023-02-05,2024-02-05,p177,v177
h178,Cancer,2023-09-25,2023-01-06,2023-04-20,p178,v178
h179,Cancer,2024-02-26,2023-03-17,2023-10-30,p179,v179
h180,Diabetes,2024-11-23,2023-08-07,2024-04-06,p180,v180
h181,Infection,2023-10-14,2023-03-28,2023-05-05,p181,v181
h182,Flu,2024-03-25,2023-11-13,2024-12-09,p182,v182
h183,Cancer,2023-03-11,2023-10-06,2024-12-05,p183,v183
h184,Asthma,2023-09-13,2024-06-09,2024-08-21,p184,v184
h185,Flu,2023-03-14,2023-05-04,2023-09-01,p185,v185
h186,Hypertension,2023-09-18,2023-07-17,2023-10-22,p186,v186
h187,Hypertension,2024-08-12,2023-10-09,2024-08-21,p187,v187
h188,Cancer,2024-05-02,2024-12-10,2024-12-09,p188,v188
h189,Cancer,2024-03-28,2023-02-03,2023-02-24,p189,v189
h190,Infection,2024-12-14,2024-09-26,2023-06-30,p190,v190
h191,Flu,2023-06-03,2023-02-09,2023-04-02,p191,v191
h192,Fracture,2024-11-03,2023-08-24,2024-03-18,p192,v192
h193,Asthma,2023-06-22,2023-01-01,2024-02-19,p193,v193
h194,Asthma,2024-03-05,2023-01-04,2024-09-25,p194,v194
h195,Cancer,2024-05-08,2024-11-21,2024-02-08,p195,v195
h196,Asthma,2023-04-15,2024-11-30,2023-07-17,p196,v196
h197,Asthma,2024-07-10,2023-02-09,2023-12-10,p197,v197
h198,Asthma,2023-04-27,2023-11-03,2024-01-05,p198,v198
h199,Cancer,2023-10-08,2023-07-05,2023-07-17,p199,v199
h200,Cancer,2023-02-24,2023-03-12,2024-10-31,p200,v200
h201,Hypertension,2023-04-27,2024-03-02,2024-09-16,p201,v201
h202,Asthma,2024-05-07,2023-04-30,2024-10-25,p202,v202
h203,Migraine,2023-11-23,2024-10-03,2024-05-22,p203,v203
h204,Diabetes,2024-01-20,2023-07-07,2023-02-26,p204,v204
h205,Hypertension,2024-06-13,2023-10-27,2024-02-10,p205,v205
h206,Flu,2024-04-23,2024-10-09,2024-06-03,p206,v206
h207,Fracture,2024-06-20,2023-06-06,2023-03-15,p207,v207
h208,Infection,2024-02-04,2024-08-31,2023-01-21,p208,v208
h209,Diabetes,2024-05-06,2023-08-05,2024-01-05,p209,v209
h210,Fracture,2023-07-20,2024-04-21,2024-08-16,p210,v210
h211,Infection,2023-07-13,2024-11-16,2023-12-25,p211,v211
h212,Asthma,2023-05-23,2023-10-29,2023-10-15,p212,v212
h213,Flu,2024-11-14,2024-05-11,2023-03-27,p213,v213
h214,Flu,2023-04-14,2024-12-20,2024-10-19,p214,v214
h215,Asthma,2023-09-21,2023-06-12,2023-08-23,p215,v215
h216,Infection,2023-09-28,2024-08-01,2024-03-13,p216,v216
h217,Hypertension,2023-08-17,2023-01-09,2023-12-12,p217,v217
h218,Diabetes,2024-02-13,2024-02-19,2023-10-15,p218,v218
h219,Migraine,2024-11-11,2024-05-11,2024-06-14,p219,v219
h220,Cancer,2024-01-10,2023-08-30,2024-03-10,p220,v220
h221,Diabetes,2023-07-02,2023-01-04,2023-02-20,p221,v221
h222,Migraine,2024-01-27,2023-08-31,2023-06-19,p222,v222
h223,Migraine,2023-03-14,2023-01-15,2024-07-09,p223,v223
h224,Cancer,2023-12-01,2023-10-01,2023-03-14,p224,v224
h225,Flu,2023-08-17,2024-05-19,2024-09-05,p225,v225
h226,Infection,2024-08-01,2023-06-21,2023-03-07,p226,v226
h227,Flu,2024-09-23,2023-05-14,2023-04-25,p227,v227
h228,Hypertension,2024-08-28,2023-06-24,2023-09-16,p228,v228
h229,Migraine,2023-10-26,2023-06-01,2023-01-09,p229,v229
h230,Infection,2024-07-25,2023-01-06,2023-03-02,p230,v230
h231,Asthma,2023-02-01,2024-01-27,2024-07-16,p231,v231
h232,Migraine,2024-10-23,2024-04-21,2024-01-29,p232,v232
h233,Infection,2023-05-09,2023-01-05,2023-05-16,p233,v233
h234,Hypertension,2023-04-17,2024-03-07,2024-11-12,p234,v234
h235,Asthma,2024-07-13,2024-02-22,2024-08-01,p235,v235
h236,Diabetes,2024-08-10,2024-08-01,2023-12-25,p236,v236
h237,Hypertension,2023-11-06,2024-04-22,2024-12-10,p237,v237
h238,Asthma,2023-06-18,2024-05-09,2024-11-28,p238,v238
h239,Diabetes,2024-05-17,2023-07-09,2024-05-03,p239,v239
h240,Asthma,2024-07-20,2023-06-06,2023-12-30,p240,v240
h241,Migraine,2023-07-27,2024-02-26,2023-03-27,p241,v241
h242,Flu,2023-06-21,2023-02-12,2023-03-14,p242,v242
h243,Infection,2024-10-13,2024-10-18,2023-11-18,p243,v243
h244,Fracture,2023-09-19,2024-11-13,2023-12-18,p244,v244
h245,Hypertension,2024-11-09,2023-12-28,2024-06-11,p245,v245
h246,Hypertension,2023-12-26,2023-06-23,2023-06-03,p246,v246
h247,Cancer,2023-02-10,2024-09-12,2024-08-12,p247,v247
h248,Migraine,2023-07-03,2023-06-21,2023-02-12,p248,v248
h249,Migraine,2024-05-08,2024-02-11,2024-02-28,p249,v249
h250,Asthma,2023-07-14,2024-11-17,2024-04-10,p250,v250
h251,Flu,2023-04-05,2023-07-01,2023-10-20,p251,v251
h252,Diabetes,2024-03-28,2023-10-17,2024-07-15,p252,v252
h253,Migraine,2023-12-13,2023-12-21,2024-09-30,p253,v253
h254,Diabetes,2024-10-21,2024-02-14,2024-02-16,p254,v254
h255,Asthma,2023-02-09,2023-11-09,2023-11-13,p255,v255
h256,Diabetes,2024-08-24,2024-06-26,2023-12-30,p256,v256
h257,Diabetes,2024-10-18,2024-02-25,2024-09-09,p257,v257
h258,Diabetes,2024-03-22,2024-02-18,2024-05-15,p258,v258
h259,Flu,2024-01-26,2024-07-30,2023-11-20,p259,v259
h260,Hypertension,2024-08-27,2023-09-27,2023-06-27,p260,v260
h261,Flu,2023-09-20,2023-09-30,2023-02-15,p261,v261
h262,Diabetes,2023-03-02,2023-01-20,2023-06-01,p262,v262
h263,Flu,2023-06-29,2023-08-13,2023-04-25,p263,v263
h264,Infection,2024-02-26,2024-02-05,2024-05-13,p264,v264
h265,Diabetes,2024-01-28,2024-12-20,2023-11-23,p265,v265
h266,Migraine,2024-02-07,2024-06-13,2024-04-29,p266,v266
h267,Fracture,2023-03-18,2024-07-21,2023-11-11,p267,v267
h268,Infection,2023-11-14,2024-03-19,2023-10-30,p268,v268
h269,Cancer,2023-04-25,2023-06-05,2024-04-23,p269,v269
h270,Migraine,2024-03-26,2023-10-15,2024-03-11,p270,v270
h271,Migraine,2023-04-08,2024-05-30,2024-03-30,p271,v271
h272,Flu,2023-07-15,2023-10-23,2024-06-09,p272,v272
h273,Infection,2023-01-22,2024-06-30,2024-04-16,p273,v273
h274,Diabetes,2024-04-25,2024-04-13,2023-12-24,p274,v274
h275,Infection,2023-06-18,2024-08-20,2023-04-27,p275,v275
h276,Diabetes,2023-04-02,2023-04-26,2023-11-26,p276,v276
h277,Migraine,2023-08-18,2024-05-01,2024-01-20,p277,v277
h278,Cancer,2023-11-25,2024-04-24,2024-07-20,p278,v278
h279,Migraine,2024-12-31,2023-04-24,2024-08-17,p279,v279
h280,Infection,2024-03-09,2023-09-22,2024-08-18,p280,v280
h281,Fracture,2024-03-06,2024-12-04,2024-09-24,p281,v281
h282,Diabetes,2024-09-24,2024-02-24,2024-02-07,p282,v282
h283,Migraine,2024-11-29,2024-06-12,2023-04-15,p283,v283
h284,Cancer,2023-11-27,2024-01-30,2023-07-12,p284,v284
h285,Asthma,2024-07-11,2024-07-19,2024-09-16,p285,v285
h286,Hypertension,2023-05-03,2023-01-27,2024-08-04,p286,v286
h287,Migraine,2024-12-14,2023-10-27,2023-06-11,p287,v287
h288,Fracture,2023-10-10,2023-05-17,2024-05-16,p288,v288
h289,Flu,2024-12-08,2024-08-19,2024-07-29,p289,v289
h290,Diabetes,2024-04-10,2023-05-27,2023-11-13,p290,v290
h291,Asthma,2024-10-11,2023-12-15,2024-03-25,p291,v291
h292,Migraine,2024-12-10,2023-12-20,2024-03-15,p292,v292
h293,Cancer,2023-10-04,2024-07-09,2024-09-01,p293,v293
h294,Diabetes,2023-03-13,2024-03-22,2024-06-28,p294,v294
h295,Migraine,2023-04-06,2024-08-18,2024-06-03,p295,v295
h296,Fracture,2024-03-01,2024-02-15,2023-04-05,p296,v296
h297,Fracture,2024-02-06,2024-11-06,2024-10-06,p297,v297
h298,Fracture,2023-01-17,2024-08-28,2023-07-15,p298,v298
h299,Migraine,2023-04-30,2024-07-14,2024-03-13,p299,v299
h300,Cancer,2023-10-17,2023-02-28,2023-11-19,p300,v300
h301,Infection,2023-05-26,2023-12-14,2024-12-20,p301,v301
h302,Diabetes,2024-05-01,2023-05-08,2023-05-09,p302,v302
h303,Cancer,2023-01-29,2023-07-05,2024-09-13,p303,v303
h304,Flu,2023-06-11,2023-03-02,2023-08-14,p304,v304
h305,Fracture,2024-09-01,2023-09-03,2023-03-12,p305,v305
h306,Flu,2024-03-22,2023-09-10,2023-01-01,p306,v306
h307,Flu,2024-03-02,2023-08-27,2023-10-03,p307,v307
h308,Asthma,2023-09-21,2023-08-17,2023-06-20,p308,v308
h309,Infection,2023-06-19,2024-12-08,2024-10-18,p309,v309
h310,Cancer,2023-07-10,2023-03-24,2023-09-18,p310,v310
h311,Cancer,2024-03-03,2024-11-24,2024-06-27,p311,v311
h312,Migraine,2024-07-19,2023-12-30,2024-12-13,p312,v312
h313,Cancer,2024-03-03,2024-10-13,2024-01-01,p313,v313
h314,Diabetes,2023-01-08,2023-07-15,2023-07-21,p314,v314
h315,Asthma,2024-09-23,2023-01-16,2023-01-10,p315,v315
h316,Diabetes,2023-11-16,2024-12-10,2023-10-02,p316,v316
h317,Cancer,2023-08-29,2023-07-30,2023-05-15,p317,v317
h318,Diabetes,2023-02-12,2023-08-20,2023-09-02,p318,v318
h319,Flu,2024-02-17,2024-03-24,2024-11-08,p319,v319
h320,Diabetes,2023-02-22,2023-04-03,2023-10-20,p320,v320
h321,Hypertension,2024-08-31,2024-05-18,2023-05-27,p321,v321
h322,Diabetes,2024-09-21,2023-12-31,2024-10-09,p322,v322
h323,Migraine,2024-02-13,2023-11-26,2024-04-06,p323,v323
h324,Diabetes,2024-01-02,2023-11-03,2024-01-24,p324,v324
h325,Flu,2024-02-25,2024-03-24,2023-06-24,p325,v325
h326,Fracture,2023-04-01,2024-06-06,2023-11-29,p326,v326
h327,Fracture,2024-04-23,2023-04-26,2023-11-02,p327,v327
h328,Migraine,2023-03-17,2024-09-05,2024-06-18,p328,v328
h329,Flu,2024-01-24,2024-06-11,2024-04-23,p329,v329
h330,Diabetes,2023-09-10,2023-08-12,2024-06-27,p330,v330
h331,Hypertension,2023-06-16,2023-02-11,2024-02-09,p331,v331
h332,Diabetes,2023-01-16,2023-08-23,2023-08-20,p332,v332
h333,Flu,2024-02-22,2023-01-29,2023-04-08,p333,v333
h334,Hypertension,2024-03-19,2024-04-27,2023-06-05,p334,v334
h335,Fracture,2023-12-28,2024-01-28,2023-05-13,p335,v335
h336,Flu,2024-07-26,2023-11-10,2023-05-04,p336,v336
h337,Hypertension,2024-02-24,2024-02-07,2023-03-06,p337,v337
h338,Cancer,2024-04-28,2023-08-30,2023-12-31,p338,v338
h339,Cancer,2023-01-10,2023-01-12,2023-05-13,p339,v339
h340,Infection,2023-01-23,2023-09-15,2023-06-20,p340,v340
h341,Fracture,2023-12-24,2024-12-07,2024-05-20,p341,v341
h342,Fracture,2024-05-15,2023-09-18,2024-11-12,p342,v342
h343,Infection,2023-01-09,2024-04-11,2023-03-12,p343,v343
h344,Flu,2023-08-14,2023-10-18,2023-04-15,p344,v344
h345,Infection,2024-04-08,2023-09-30,2023-03-28,p345,v345
h346,Asthma,2023-02-10,2023-06-05,2024-10-01,p346,v346
h347,Flu,2023-01-28,2024-04-26,2023-03-03,p347,v347
h348,Migraine,2023-01-18,2023-07-31,2024-06-15,p348,v348
h349,Fracture,2023-03-09,2023-06-15,2024-04-05,p349,v349
h350,Diabetes,2024-09-11,2024-01-26,2024-11-26,p350,v350
h351,Flu,2023-03-09,2024-06-18,2024-10-25,p351,v351
h352,Flu,2023-06-20,2024-08-05,2023-08-11,p352,v352
h353,Flu,2024-10-04,2024-10-20,2023-06-13,p353,v353
h354,Infection,2023-09-21,2023-07-13,2024-05-30,p354,v354
h355,Infection,2024-11-13,2023-11-25,2024-05-11,p355,v355
h356,Fracture,2024-08-13,2023-03-27,2024-10-05,p356,v356
h357,Asthma,2024-05-14,2024-04-20,2023-03-04,p357,v357
h358,Asthma,2023-12-07,2024-10-10,2023-11-21,p358,v358
h359,Fracture,2023-09-09,2023-10-02,2023-02-26,p359,v359
h360,Flu,2024-05-12,2023-08-26,2024-08-19,p360,v360
h361,Asthma,2023-12-03,2023-10-02,2024-10-11,p361,v361
h362,Diabetes,2023-09-07,2023-05-25,2023-08-13,p362,v362
h363,Diabetes,2024-05-05,2024-01-12,2024-08-08,p363,v363
h364,Fracture,2023-04-08,2023-08-05,2024-11-24,p364,v364
h365,Hypertension,2024-06-06,2023-01-04,2024-03-03,p365,v365
h366,Migraine,2023-10-27,2023-08-19,2023-09-03,p366,v366
h367,Flu,2024-12-06,2024-11-17,2024-03-14,p367,v367
h368,Flu,2024-06-07,2023-04-28,2023-05-27,p368,v368
h369,Asthma,2024-07-12,2024-09-13,2024-01-30,p369,v369
h370,Migraine,2023-04-27,2023-05-01,2023-10-16,p370,v370
h371,Asthma,2023-12-09,2024-10-28,2024-10-08,p371,v371
h372,Hypertension,2023-10-16,2023-04-27,2024-11-22,p372,v372
h373,Infection,2023-10-23,2024-04-28,2023-09-20,p373,v373
h374,Hypertension,2024-10-27,2023-02-15,2024-02-09,p374,v374
h375,Infection,2024-04-09,2023-08-09,2023-10-16,p375,v375
h376,Infection,2024-06-06,2024-04-21,2023-10-06,p376,v376
h377,Infection,2024-02-22,2023-06-19,2023-05-30,p377,v377
h378,Migraine,2024-04-20,2023-06-30,2023-07-10,p378,v378
h379,Asthma,2023-12-17,2024-02-27,2024-11-05,p379,v379
h380,Fracture,2023-12-17,2024-11-24,2024-08-18,p380,v380
h381,Migraine,2024-09-11,2023-01-29,2024-12-12,p381,v381
h382,Hypertension,2023-11-22,2024-05-16,2024-06-01,p382,v382
h383,Hypertension,2023-09-02,2023-02-22,2023-01-03,p383,v383
h384,Fracture,2024-07-15,2024-08-18,2023-11-15,p384,v384
h385,Cancer,2024-05-10,2023-03-24,2024-06-04,p385,v385
h386,Fracture,2024-07-06,2024-10-25,2024-01-05,p386,v386
h387,Infection,2024-01-17,2024-01-13,2024-01-04,p387,v387
h388,Migraine,2023-09-16,2024-10-18,2024-02-13,p388,v388
h389,Cancer,2024-05-31,2024-04-02,2024-02-24,p389,v389
h390,Migraine,2023-08-30,2024-09-17,2024-12-04,p390,v390
h391,Fracture,2024-03-11,2024-08-05,2023-04-15,p391,v391
h392,Migraine,2024-08-19,2024-01-30,2024-09-23,p392,v392
h393,Cancer,2023-01-25,2023-12-04,2023-04-08,p393,v393
h394,Asthma,2024-09-16,2024-09-05,2024-03-20,p394,v394
h395,Asthma,2023-04-18,2024-01-06,2024-11-06,p395,v395
h396,Flu,2023-03-02,2023-05-20,2024-12-25,p396,v396
h397,Migraine,2023-10-10,2023-01-18,2023-04-28,p397,v397
h398,Diabetes,2023-02-14,2024-05-31,2024-04-29,p398,v398
h399,Asthma,2023-08-22,2024-07-31,2024-04-05,p399,v399
h400,Fracture,2023-05-23,2024-03-20,2023-03-09,p400,v400
h401,Infection,2023-09-01,2024-09-09,2023-03-02,p401,v401
h402,Flu,2024-03-24,2024-10-05,2024-02-26,p402,v402
h403,Cancer,2023-08-20,2024-08-18,2023-02-21,p403,v403
h404,Fracture,2024-09-10,2023-06-25,2023-08-31,p404,v404
h405,Diabetes,2024-01-07,2024-04-05,2023-05-06,p405,v405
h406,Migraine,2024-01-21,2024-05-05,2024-11-07,p406,v406
h407,Flu,2024-08-12,2023-11-15,2023-12-27,p407,v407
h408,Flu,2023-11-11,2023-03-25,2024-04-06,p408,v408
h409,Infection,2024-02-20,2024-02-07,2023-02-21,p409,v409
h410,Fracture,2023-06-15,2024-11-14,2024-07-08,p410,v410
h411,Fracture,2023-08-06,2023-07-23,2023-04-27,p411,v411
h412,Diabetes,2023-05-17,2023-11-07,2023-01-02,p412,v412
h413,Cancer,2024-07-31,2024-03-13,2024-03-18,p413,v413
h414,Asthma,2023-12-21,2024-08-07,2023-10-14,p414,v414
h415,Infection,2024-10-02,2024-09-04,2023-06-14,p415,v415
h416,Cancer,2024-07-08,2023-10-02,2023-11-26,p416,v416
h417,Flu,2024-04-17,2023-03-08,2024-03-23,p417,v417
h418,Fracture,2023-09-12,2023-02-10,2023-08-11,p418,v418
h419,Diabetes,2024-12-15,2023-03-29,2024-08-10,p419,v419
h420,Asthma,2024-04-23,2023-12-03,2023-01-31,p420,v420
h421,Infection,2024-03-29,2023-12-13,2023-04-19,p421,v421
h422,Fracture,2024-08-30,2023-04-24,2023-01-27,p422,v422
h423,Hypertension,2023-07-17,2023-03-22,2024-12-03,p423,v423
h424,Flu,2024-02-25,2023-04-28,2024-04-06,p424,v424
h425,Migraine,2024-11-26,2023-01-27,2024-11-11,p425,v425
h426,Migraine,2023-12-13,2024-05-18,2024-01-15,p426,v426
h427,Infection,2024-03-27,2024-10-30,2024-03-21,p427,v427
h428,Infection,2024-12-31,2024-03-12,2024-04-09,p428,v428
h429,Diabetes,2024-02-02,2024-02-25,2023-10-15,p429,v429
h430,Migraine,2024-08-24,2023-02-28,2023-05-06,p430,v430
h431,Infection,2024-06-24,2023-04-02,2023-12-07,p431,v431
h432,Migraine,2023-12-25,2023-02-25,2023-02-21,p432,v432
h433,Asthma,2023-04-21,2023-08-31,2024-07-31,p433,v433
h434,Hypertension,2024-12-14,2024-02-11,2023-10-15,p434,v434
h435,Flu,2024-09-17,2024-03-31,2024-06-28,p435,v435
h436,Fracture,2023-10-16,2023-04-04,2024-07-12,p436,v436
h437,Migraine,2024-10-25,2024-05-02,2024-07-20,p437,v437
h438,Fracture,2024-01-20,2023-08-30,2024-02-27,p438,v438
h439,Hypertension,2023-12-22,2023-07-25,2024-02-21,p439,v439
h440,Flu,2024-06-13,2024-05-15,2024-04-10,p440,v440
h441,Asthma,2024-11-14,2024-02-07,2024-04-01,p441,v441
h442,Cancer,2023-06-28,2024-03-30,2024-07-19,p442,v442
h443,Infection,2023-12-30,2024-02-14,2023-04-03,p443,v443
h444,Hypertension,2024-08-29,2024-08-30,2023-02-27,p444,v444
h445,Fracture,2023-05-07,2023-09-04,2024-09-21,p445,v445
h446,Asthma,2024-06-05,2024-04-17,2024-08-02,p446,v446
h447,Migraine,2024-10-27,2024-06-26,2023-08-04,p447,v447
h448,Infection,2023-10-10,2023-03-11,2023-04-12,p448,v448
h449,Infection,2023-09-23,2023-03-27,2024-10-30,p449,v449
h450,Diabetes,2023-06-05,2023-03-06,2023-07-07,p450,v450
h451,Flu,2024-03-04,2023-06-16,2023-09-29,p451,v451
h452,Hypertension,2023-12-23,2024-03-12,2023-05-28,p452,v452
h453,Diabetes,2023-12-14,2023-02-19,2023-03-28,p453,v453
h454,Flu,2023-07-17,2024-12-26,2024-03-09,p454,v454
h455,Flu,2024-03-19,2024-01-09,2023-08-08,p455,v455
h456,Infection,2023-02-15,2023-02-15,2023-01-19,p456,v456
h457,Hypertension,2023-04-13,2024-03-29,2023-03-24,p457,v457
h458,Hypertension,2024-05-26,2023-03-31,2023-12-21,p458,v458
h459,Diabetes,2023-05-23,2023-01-06,2024-03-18,p459,v459
h460,Infection,2023-02-14,2024-09-27,2024-04-19,p460,v460
h461,Migraine,2024-10-08,2023-12-06,2024-08-23,p461,v461
h462,Infection,2023-01-31,2023-11-29,2024-06-02,p462,v462
h463,Migraine,2024-10-02,2024-11-05,2024-12-07,p463,v463
h464,Hypertension,2023-09-03,2023-11-08,2023-06-25,p464,v464
h465,Migraine,2023-08-01,2024-10-27,2023-12-18,p465,v465
h466,Migraine,2024-07-18,2023-09-09,2024-08-01,p466,v466
h467,Asthma,2023-07-15,2024-05-22,2024-01-30,p467,v467
h468,Asthma,2023-04-27,2024-05-18,2024-05-26,p468,v468
h469,Asthma,2023-02-13,2023-03-20,2024-03-11,p469,v469
h470,Fracture,2023-01-26,2024-08-15,2024-07-29,p470,v470
h471,Fracture,2024-03-16,2024-08-21,2024-12-23,p471,v471
h472,Flu,2023-09-02,2024-12-27,2024-01-08,p472,v472
h473,Migraine,2024-08-19,2024-11-01,2023-09-10,p473,v473
h474,Flu,2023-04-29,2023-04-12,2023-04-21,p474,v474
h475,Asthma,2024-02-25,2024-06-15,2024-05-12,p475,v475
h476,Infection,2023-05-13,2024-06-03,2024-04-26,p476,v476
h477,Flu,2024-05-13,2024-08-28,2023-10-17,p477,v477
h478,Diabetes,2024-09-20,2023-10-18,2024-03-11,p478,v478
h479,Infection,2023-01-08,2024-12-12,2023-03-27,p479,v479
h480,Fracture,2024-04-27,2023-04-04,2024-07-11,p480,v480
h481,Asthma,2023-12-28,2024-09-28,2023-11-27,p481,v481
h482,Flu,2023-05-19,2023-10-31,2024-11-08,p482,v482
h483,Migraine,2023-01-31,2024-09-08,2024-12-02,p483,v483
h484,Hypertension,2024-03-04,2023-12-26,2024-12-29,p484,v484
h485,Diabetes,2023-02-22,2024-12-23,2024-02-08,p485,v485
h486,Fracture,2023-11-04,2023-09-01,2023-12-30,p486,v486
h487,Flu,2023-06-25,2023-12-13,2024-09-15,p487,v487
h488,Migraine,2023-04-11,2023-12-05,2023-08-22,p488,v488
h489,Fracture,2024-11-15,2024-05-09,2024-09-08,p489,v489
h490,Infection,2023-08-23,2024-03-17,2024-05-16,p490,v490
h491,Diabetes,2024-01-01,2024-06-16,2023-02-06,p491,v491
h492,Infection,2024-03-16,2024-01-11,2024-05-09,p492,v492
h493,Infection,2023-06-03,2024-07-14,2024-07-15,p493,v493
h494,Infection,2024-01-30,2023-05-24,2024-12-04,p494,v494
h495,Asthma,2024-07-28,2023-06-17,2023-04-16,p495,v495
h496,Cancer,2024-03-25,2023-08-10,2023-11-30,p496,v496
h497,Diabetes,2024-02-23,2023-05-19,2023-11-21,p497,v497
h498,Migraine,2024-04-05,2023-08-08,2024-02-26,p498,v498
h499,Diabetes,2023-11-12,2023-10-15,2023-03-05,p499,v499
h500,Hypertension,2024-10-07,2024-04-19,2024-09-15,p500,v500
h501,Migraine,2023-10-09,2024-09-23,2024-10-19,p501,v501
h502,Asthma,2024-06-14,2023-08-28,2024-08-27,p502,v502
h503,Migraine,2024-02-18,2023-10-05,2024-08-17,p503,v503
h504,Fracture,2023-11-07,2024-07-07,2024-10-24,p504,v504
h505,Migraine,2024-07-26,2023-12-25,2024-06-08,p505,v505
h506,Fracture,2024-07-07,2023-11-19,2023-08-13,p506,v506
h507,Infection,2023-11-10,2023-12-12,2023-10-15,p507,v507
h508,Migraine,2024-04-26,2023-11-30,2024-06-01,p508,v508
h509,Diabetes,2024-12-22,2024-05-07,2024-04-26,p509,v509
h510,Asthma,2024-11-16,2023-07-26,2023-05-22,p510,v510
h511,Migraine,2023-09-06,2023-06-19,2024-08-25,p511,v511
h512,Asthma,2024-02-04,2024-12-24,2024-07-20,p512,v512
h513,Cancer,2024-04-10,2024-01-01,2024-07-16,p513,v513
h514,Diabetes,2023-10-22,2023-11-13,2024-06-11,p514,v514
h515,Asthma,2023-01-26,2024-03-25,2024-06-08,p515,v515
h516,Asthma,2024-05-19,2024-03-17,2023-02-17,p516,v516
h517,Asthma,2024-10-12,2023-09-15,2023-03-15,p517,v517
h518,Fracture,2023-02-09,2023-12-17,2023-04-07,p518,v518
h519,Flu,2023-12-18,2024-07-18,2023-04-26,p519,v519
h520,Hypertension,2023-10-07,2023-05-18,2024-11-20,p520,v520
h521,Fracture,2023-02-07,2024-05-17,2024-01-13,p521,v521
h522,Flu,2024-01-06,2023-03-02,2023-06-21,p522,v522
h523,Infection,2023-10-21,2024-04-05,2024-08-10,p523,v523
h524,Cancer,2024-12-04,2024-02-10,2023-01-01,p524,v524
h525,Hypertension,2023-08-15,2024-05-29,2024-08-25,p525,v525
h526,Asthma,2023-04-27,2023-04-14,2024-09-14,p526,v526
h527,Migraine,2023-12-13,2024-08-17,2024-12-23,p527,v527
h528,Migraine,2023-07-30,2024-10-29,2023-07-27,p528,v528
h529,Hypertension,2024-02-04,2024-02-17,2023-09-28,p529,v529
h530,Migraine,2023-03-12,2024-12-27,2024-09-15,p530,v530
h531,Diabetes,2024-01-17,2023-05-05,2023-10-23,p531,v531
h532,Flu,2024-04-06,2024-03-29,2024-04-13,p532,v532
h533,Infection,2023-09-09,2024-03-04,2024-10-29,p533,v533
h534,Asthma,2023-06-25,2024-12-03,2024-04-17,p534,v534
h535,Diabetes,2024-03-26,2024-07-29,2023-09-17,p535,v535
h536,Asthma,2023-06-12,2023-08-27,2023-05-14,p536,v536
h537,Infection,2023-01-07,2024-04-15,2023-07-22,p537,v537
h538,Diabetes,2024-12-08,2024-08-17,2024-01-08,p538,v538
h539,Infection,2024-08-31,2024-08-25,2024-04-11,p539,v539
h540,Hypertension,2023-08-17,2023-09-03,2024-12-09,p540,v540
h541,Diabetes,2024-04-21,2024-09-18,2024-03-02,p541,v541
h542,Migraine,2023-03-23,2024-02-24,2024-10-09,p542,v542
h543,Fracture,2023-10-22,2024-05-08,2023-09-09,p543,v543
h544,Migraine,2023-07-14,2024-01-03,2023-10-11,p544,v544
h545,Diabetes,2023-11-30,2024-11-08,2023-05-27,p545,v545
h546,Cancer,2024-01-09,2023-10-06,2024-10-06,p546,v546
h547,Asthma,2023-04-15,2024-08-18,2024-02-27,p547,v547
h548,Infection,2024-08-27,2023-09-15,2024-05-23,p548,v548
h549,Infection,2023-04-05,2024-08-05,2024-07-21,p549,v549
h550,Infection,2024-09-04,2024-01-02,2024-01-11,p550,v550
h551,Asthma,2023-12-04,2024-04-06,2024-02-05,p551,v551
h552,Cancer,2024-08-02,2024-04-21,2024-08-22,p552,v552
h553,Asthma,2024-11-08,2023-01-07,2024-08-11,p553,v553
h554,Fracture,2024-06-30,2023-01-03,2023-07-06,p554,v554
h555,Diabetes,2024-06-01,2023-07-08,2023-10-12,p555,v555
h556,Infection,2023-10-21,2023-07-30,2023-08-02,p556,v556
h557,Asthma,2024-12-19,2023-10-20,2023-09-13,p557,v557
h558,Infection,2024-01-14,2024-07-08,2023-04-10,p558,v558
h559,Hypertension,2024-10-03,2023-03-13,2023-03-14,p559,v559
h560,Flu,2023-09-01,2024-06-19,2023-01-29,p560,v560
h561,Migraine,2023-07-17,2023-02-20,2024-05-04,p561,v561
h562,Cancer,2023-02-05,2023-01-31,2023-01-03,p562,v562
h563,Migraine,2023-01-08,2024-12-04,2024-12-12,p563,v563
h564,Infection,2024-06-30,2023-04-20,2023-06-03,p564,v564
h565,Asthma,2024-11-08,2023-03-10,2023-02-23,p565,v565
h566,Asthma,2024-04-15,2023-06-07,2023-11-29,p566,v566
h567,Fracture,2023-08-04,2023-02-27,2024-11-30,p567,v567
h568,Fracture,2024-10-20,2024-11-05,2023-04-11,p568,v568
h569,Cancer,2023-04-16,2024-07-25,2023-10-04,p569,v569
h570,Fracture,2023-08-30,2024-08-14,2024-04-25,p570,v570
h571,Infection,2023-03-16,2023-11-12,2024-12-31,p571,v571
h572,Flu,2024-12-02,2024-06-15,2023-12-12,p572,v572
h573,Hypertension,2024-04-20,2023-03-09,2024-11-03,p573,v573
h574,Diabetes,2024-03-27,2023-03-25,2024-07-06,p574,v574
h575,Asthma,2023-12-27,2023-10-25,2024-01-27,p575,v575
h576,Cancer,2023-06-27,2024-07-08,2024-04-19,p576,v576
h577,Asthma,2024-04-29,2024-10-13,2024-01-28,p577,v577
h578,Infection,2024-07-06,2023-06-19,2023-03-16,p578,v578
h579,Flu,2024-12-07,2023-08-15,2024-06-14,p579,v579
h580,Asthma,2023-11-25,2024-06-26,2024-09-05,p580,v580
h581,Fracture,2024-12-01,2024-02-21,2023-06-18,p581,v581
h582,Fracture,2023-10-15,2023-04-23,2023-08-01,p582,v582
h583,Hypertension,2024-09-14,2023-01-28,2023-10-28,p583,v583
h584,Asthma,2024-06-11,2024-03-28,2023-08-12,p584,v584
h585,Flu,2023-09-17,2024-08-20,2023-12-01,p585,v585
h586,Flu,2023-05-12,2024-04-17,2023-09-10,p586,v586
h587,Cancer,2024-10-14,2024-09-01,2023-11-03,p587,v587
h588,Hypertension,2023-09-04,2024-06-22,2024-12-23,p588,v588
h589,Diabetes,2023-03-31,2024-12-29,2023-12-16,p589,v589
h590,Asthma,2024-07-08,2024-11-16,2024-03-24,p590,v590
h591,Flu,2024-03-01,2023-09-25,2023-09-24,p591,v591
h592,Hypertension,2023-05-11,2024-08-19,2024-07-20,p592,v592
h593,Cancer,2023-11-08,2024-08-18,2024-12-01,p593,v593
h594,Fracture,2023-04-17,2023-12-13,2024-09-09,p594,v594
h595,Infection,2023-02-22,2023-09-15,2024-03-12,p595,v595
h596,Migraine,2023-03-05,2024-04-15,2024-02-20,p596,v596
h597,Flu,2023-11-21,2023-06-29,2023-04-21,p597,v597
h598,Asthma,2023-05-22,2024-06-07,2023-01-10,p598,v598
h599,Migraine,2023-03-15,2023-01-14,2023-08-23,p599,v599
h600,Cancer,2024-08-10,2023-05-24,2024-10-11,p600,v600
h601,Cancer,2024-03-18,2024-02-16,2023-06-03,p601,v601
h602,Flu,2023-05-11,2024-08-26,2023-01-29,p602,v602
h603,Cancer,2024-07-09,2023-03-29,2023-01-19,p603,v603
h604,Flu,2024-10-15,2023-06-12,2023-12-07,p604,v604
h605,Asthma,2023-12-11,2023-03-17,2023-06-27,p605,v605
h606,Fracture,2024-02-14,2023-12-02,2024-05-26,p606,v606
h607,Asthma,2023-03-18,2023-04-11,2024-07-11,p607,v607
h608,Asthma,2024-03-22,2023-08-04,2024-03-28,p608,v608
h609,Asthma,2023-09-16,2023-09-21,2023-12-02,p609,v609
h610,Infection,2024-10-10,2024-03-30,2024-08-02,p610,v610
h611,Migraine,2024-07-09,2024-12-18,2023-12-25,p611,v611
h612,Asthma,2023-04-29,2023-02-18,2024-09-04,p612,v612
h613,Cancer,2024-06-19,2023-10-23,2023-04-25,p613,v613
h614,Fracture,2023-06-06,2023-10-08,2023-05-06,p614,v614
h615,Hypertension,2023-05-27,2023-05-26,2023-03-16,p615,v615
h616,Asthma,2024-02-07,2023-11-21,2023-03-20,p616,v616
h617,Asthma,2024-04-15,2024-11-17,2023-11-19,p617,v617
h618,Hypertension,2023-09-10,2024-12-06,2023-08-06,p618,v618
h619,Cancer,2024-07-23,2023-01-04,2023-12-31,p619,v619
h620,Cancer,2023-11-02,2023-03-10,2023-02-22,p620,v620
h621,Hypertension,2024-12-30,2023-07-31,2023-10-03,p621,v621
h622,Infection,2024-09-07,2024-01-28,2023-08-29,p622,v622
h623,Hypertension,2023-06-14,2023-11-08,2023-02-21,p623,v623
h624,Cancer,2024-07-16,2023-08-22,2023-12-03,p624,v624
h625,Hypertension,2024-12-04,2024-11-21,2024-06-23,p625,v625
h626,Hypertension,2023-11-19,2024-10-16,2023-07-03,p626,v626
h627,Diabetes,2024-12-17,2024-05-05,2023-10-08,p627,v627
h628,Diabetes,2023-03-28,2023-05-28,2024-02-12,p628,v628
h629,Asthma,2024-07-25,2024-01-01,2024-08-16,p629,v629
h630,Hypertension,2023-10-23,2024-07-10,2024-11-14,p630,v630
h631,Infection,2024-05-12,2023-03-13,2024-03-12,p631,v631
h632,Fracture,2024-07-27,2023-03-27,2024-07-15,p632,v632
h633,Infection,2024-11-16,2024-03-18,2024-07-11,p633,v633
h634,Infection,2023-06-03,2023-04-22,2023-09-08,p634,v634
h635,Diabetes,2023-04-23,2023-05-30,2024-02-19,p635,v635
h636,Hypertension,2024-11-28,2024-09-26,2023-12-05,p636,v636
h637,Asthma,2023-02-12,2023-10-10,2023-08-15,p637,v637
h638,Hypertension,2023-12-26,2023-12-21,2024-01-08,p638,v638
h639,Fracture,2024-05-21,2023-10-24,2024-01-24,p639,v639
h640,Asthma,2024-07-02,2023-05-25,2023-02-19,p640,v640
h641,Migraine,2024-08-29,2024-12-29,2024-08-12,p641,v641
h642,Fracture,2023-03-22,2024-09-01,2023-10-12,p642,v642
h643,Asthma,2024-09-27,2024-08-27,2024-11-27,p643,v643
h644,Fracture,2023-11-18,2023-03-24,2024-04-07,p644,v644
h645,Cancer,2024-03-28,2024-07-24,2024-08-19,p645,v645
h646,Fracture,2023-01-22,2024-06-22,2023-04-16,p646,v646
h647,Cancer,2024-12-30,2024-04-11,2023-04-21,p647,v647
h648,Asthma,2024-03-28,2024-02-18,2024-06-12,p648,v648
h649,Asthma,2024-01-08,2024-02-03,2023-10-11,p649,v649
h650,Diabetes,2024-10-30,2023-08-26,2023-01-29,p650,v650
h651,Diabetes,2023-06-05,2024-09-14,2024-11-09,p651,v651
h652,Fracture,2023-10-31,2023-02-08,2023-02-10,p652,v652
h653,Fracture,2024-11-19,2023-10-25,2023-07-17,p653,v653
h654,Infection,2024-07-18,2024-07-26,2023-12-13,p654,v654
h655,Infection,2023-06-02,2024-01-25,2024-05-10,p655,v655
h656,Flu,2024-10-12,2024-04-05,2023-10-08,p656,v656
h657,Diabetes,2023-01-08,2023-09-15,2024-10-11,p657,v657
h658,Infection,2024-12-25,2023-10-22,2023-10-07,p658,v658
h659,Infection,2024-02-24,2024-01-08,2024-10-27,p659,v659
h660,Cancer,2024-08-23,2024-02-18,2023-11-13,p660,v660
h661,Hypertension,2024-01-22,2023-04-01,2023-12-29,p661,v661
h662,Migraine,2023-04-30,2024-07-10,2023-04-19,p662,v662
h663,Diabetes,2024-08-10,2023-08-09,2024-08-04,p663,v663
h664,Infection,2023-11-23,2023-01-24,2023-11-13,p664,v664
h665,Flu,2023-12-08,2024-02-28,2023-10-12,p665,v665
h666,Asthma,2024-12-17,2024-08-15,2023-08-22,p666,v666
h667,Cancer,2023-04-22,2024-09-18,2024-02-18,p667,v667
h668,Cancer,2023-09-04,2023-02-22,2023-02-13,p668,v668
h669,Fracture,2023-10-19,2023-01-07,2023-06-27,p669,v669
h670,Asthma,2024-08-07,2024-08-12,2024-02-01,p670,v670
h671,Migraine,2024-02-17,2024-02-06,2023-04-09,p671,v671
h672,Cancer,2024-02-07,2023-08-21,2024-10-12,p672,v672
h673,Fracture,2024-12-31,2024-11-13,2024-02-21,p673,v673
h674,Asthma,2024-12-09,2024-03-30,2023-11-22,p674,v674
h675,Cancer,2023-07-14,2024-04-30,2024-11-13,p675,v675
h676,Migraine,2023-04-17,2024-08-15,2023-05-07,p676,v676
h677,Flu,2024-09-14,2023-08-09,2023-01-25,p677,v677
h678,Fracture,2023-08-22,2024-01-12,2023-01-21,p678,v678
h679,Hypertension,2024-10-01,2024-01-11,2024-11-14,p679,v679
h680,Hypertension,2023-04-21,2024-12-30,2023-12-26,p680,v680
h681,Migraine,2023-12-14,2024-01-17,2023-12-18,p681,v681
h682,Infection,2023-01-10,2023-08-28,2023-05-14,p682,v682
h683,Flu,2023-07-25,2023-08-27,2023-03-31,p683,v683
h684,Flu,2023-10-13,2023-02-03,2023-11-30,p684,v684
h685,Cancer,2023-09-06,2024-04-16,2023-02-08,p685,v685
h686,Infection,2024-01-15,2024-04-02,2024-12-23,p686,v686
h687,Migraine,2023-02-18,2024-01-27,2023-08-08,p687,v687
h688,Hypertension,2024-08-07,2023-03-29,2023-01-22,p688,v688
h689,Asthma,2024-10-21,2024-05-12,2023-07-30,p689,v689
h690,Flu,2024-05-24,2024-09-30,2024-08-12,p690,v690
h691,Migraine,2024-01-07,2024-03-25,2024-05-20,p691,v691
h692,Flu,2024-06-02,2024-12-26,2024-12-03,p692,v692
h693,Flu,2024-02-20,2024-03-28,2023-11-07,p693,v693
h694,Cancer,2024-12-08,2024-06-07,2024-10-10,p694,v694
h695,Fracture,2023-09-01,2023-03-19,2023-06-24,p695,v695
h696,Migraine,2023-07-08,2023-07-15,2024-05-15,p696,v696
h697,Migraine,2023-09-18,2023-08-19,2024-11-29,p697,v697
h698,Asthma,2023-07-13,2023-09-18,2023-02-19,p698,v698
h699,Asthma,2024-05-20,2023-08-31,2024-01-07,p699,v699
h700,Flu,2023-01-20,2023-12-19,2023-03-09,p700,v700
h701,Fracture,2024-11-01,2023-10-03,2023-06-09,p701,v701
h702,Hypertension,2023-04-03,2024-06-07,2024-02-18,p702,v702
h703,Cancer,2024-06-15,2024-12-28,2023-07-19,p703,v703
h704,Diabetes,2023-04-28,2023-04-07,2023-07-12,p704,v704
h705,Infection,2024-06-28,2023-12-23,2023-07-13,p705,v705
h706,Hypertension,2023-08-08,2024-08-13,2024-09-11,p706,v706
h707,Diabetes,2023-01-24,2024-03-28,2024-04-06,p707,v707
h708,Diabetes,2024-08-08,2024-01-13,2023-06-27,p708,v708
h709,Infection,2023-09-11,2024-10-22,2024-10-22,p709,v709
h710,Diabetes,2024-09-09,2024-12-18,2024-03-26,p710,v710
h711,Asthma,2024-02-12,2023-05-24,2023-10-26,p711,v711
h712,Infection,2024-02-04,2024-09-19,2024-03-11,p712,v712
h713,Cancer,2024-02-02,2024-11-19,2024-03-19,p713,v713
h714,Cancer,2023-12-06,2024-07-08,2024-06-27,p714,v714
h715,Flu,2023-11-25,2023-09-10,2024-10-14,p715,v715
h716,Infection,2023-05-23,2024-08-28,2023-11-11,p716,v716
h717,Hypertension,2024-08-10,2024-12-18,2023-09-27,p717,v717
h718,Flu,2024-12-30,2023-05-16,2023-03-09,p718,v718
h719,Hypertension,2023-03-19,2024-12-06,2024-02-02,p719,v719
h720,Asthma,2023-09-24,2023-12-01,2023-10-23,p720,v720
h721,Asthma,2024-01-05,2023-12-26,2024-02-10,p721,v721
h722,Diabetes,2023-08-16,2023-06-20,2023-10-30,p722,v722
h723,Hypertension,2024-09-29,2023-06-01,2023-02-25,p723,v723
h724,Migraine,2024-02-15,2024-12-12,2024-03-22,p724,v724
h725,Infection,2023-11-30,2024-06-24,2023-06-16,p725,v725
h726,Infection,2023-02-05,2023-09-09,2024-12-13,p726,v726
h727,Diabetes,2023-03-26,2024-02-18,2024-07-20,p727,v727
h728,Diabetes,2023-10-11,2024-02-22,2023-05-01,p728,v728
h729,Infection,2023-07-13,2023-03-08,2023-08-25,p729,v729
h730,Diabetes,2023-06-30,2023-09-13,2023-03-14,p730,v730
h731,Infection,2023-07-08,2024-05-05,2024-02-25,p731,v731
h732,Fracture,2024-08-06,2024-11-18,2023-10-11,p732,v732
h733,Diabetes,2024-02-03,2023-05-22,2024-06-12,p733,v733
h734,Diabetes,2023-04-16,2023-10-27,2023-02-03,p734,v734
h735,Migraine,2023-09-30,2024-06-22,2024-02-03,p735,v735
h736,Flu,2023-02-15,2024-06-21,2023-10-18,p736,v736
h737,Cancer,2023-10-24,2023-04-19,2023-04-28,p737,v737
h738,Infection,2024-03-29,2024-07-09,2023-04-01,p738,v738
h739,Infection,2023-10-29,2024-04-18,2023-06-08,p739,v739
h740,Hypertension,2023-10-14,2023-06-28,2024-01-03,p740,v740
h741,Migraine,2023-08-06,2024-03-01,2023-02-22,p741,v741
h742,Cancer,2024-06-13,2023-08-14,2023-11-01,p742,v742
h743,Migraine,2024-04-22,2024-01-04,2024-04-05,p743,v743
h744,Migraine,2024-03-08,2023-11-05,2024-11-07,p744,v744
h745,Migraine,2023-04-09,2024-04-17,2023-01-14,p745,v745
h746,Infection,2023-04-26,2024-07-08,2023-09-24,p746,v746
h747,Fracture,2023-09-08,2023-05-19,2023-09-24,p747,v747
h748,Cancer,2024-09-18,2023-08-24,2024-09-18,p748,v748
h749,Flu,2023-01-26,2023-12-03,2024-02-29,p749,v749
h750,Cancer,2023-01-24,2023-12-16,2024-05-03,p750,v750
h751,Asthma,2024-11-25,2023-05-03,2023-10-13,p751,v751
h752,Fracture,2024-08-20,2024-01-02,2024-06-28,p752,v752
h753,Infection,2024-12-26,2023-01-09,2024-11-05,p753,v753
h754,Infection,2024-03-30,2024-01-25,2024-02-09,p754,v754
h755,Diabetes,2024-01-04,2023-11-12,2023-09-10,p755,v755
h756,Hypertension,2023-05-29,2023-01-10,2024-10-22,p756,v756
h757,Flu,2024-05-23,2024-01-04,2024-08-02,p757,v757
h758,Migraine,2024-07-01,2024-05-27,2023-08-14,p758,v758
h759,Asthma,2024-08-15,2024-04-01,2024-10-13,p759,v759
h760,Flu,2023-12-31,2024-05-24,2024-08-16,p760,v760
h761,Flu,2024-08-09,2023-04-18,2023-10-19,p761,v761
h762,Fracture,2023-07-10,2024-06-01,2024-01-09,p762,v762
h763,Cancer,2023-04-14,2024-03-09,2024-02-16,p763,v763
h764,Diabetes,2023-08-14,2024-02-17,2023-02-17,p764,v764
h765,Flu,2024-09-25,2024-02-12,2023-11-18,p765,v765
h766,Diabetes,2023-04-16,2023-05-09,2023-12-02,p766,v766
h767,Infection,2023-09-26,2023-04-24,2023-01-02,p767,v767
h768,Fracture,2023-01-18,2024-01-20,2023-04-02,p768,v768
h769,Asthma,2024-11-18,2023-11-24,2024-01-24,p769,v769
h770,Diabetes,2024-11-26,2024-09-30,2024-04-01,p770,v770
h771,Diabetes,2023-04-05,2024-03-06,2023-03-15,p771,v771
h772,Fracture,2024-04-22,2024-11-15,2024-04-12,p772,v772
h773,Cancer,2023-06-05,2024-11-26,2023-06-23,p773,v773
h774,Flu,2024-06-29,2024-03-29,2023-05-30,p774,v774
h775,Infection,2023-12-01,2023-10-30,2023-07-21,p775,v775
h776,Cancer,2024-05-28,2024-07-15,2024-11-26,p776,v776
h777,Hypertension,2024-08-13,2023-04-13,2024-08-04,p777,v777
h778,Migraine,2024-10-18,2023-08-26,2023-12-11,p778,v778
h779,Fracture,2023-09-29,2023-10-23,2024-04-24,p779,v779
h780,Hypertension,2024-08-19,2024-07-18,2024-06-19,p780,v780
h781,Fracture,2024-06-12,2024-11-23,2023-06-28,p781,v781
h782,Asthma,2024-11-30,2024-05-06,2024-05-13,p782,v782
h783,Fracture,2023-06-24,2024-05-01,2024-01-01,p783,v783
h784,Hypertension,2023-02-18,2023-02-17,2023-01-24,p784,v784
h785,Cancer,2024-01-24,2024-01-09,2024-12-13,p785,v785
h786,Infection,2023-12-17,2024-08-18,2023-03-29,p786,v786
h787,Flu,2024-10-15,2024-01-16,2024-01-23,p787,v787
h788,Asthma,2023-04-08,2024-05-25,2023-08-23,p788,v788
h789,Infection,2023-11-04,2024-07-17,2023-05-25,p789,v789
h790,Diabetes,2024-08-03,2023-10-29,2023-03-26,p790,v790
h791,Flu,2023-08-19,2024-08-01,2023-04-10,p791,v791
h792,Asthma,2024-01-08,2024-11-21,2023-01-13,p792,v792
h793,Asthma,2023-05-08,2023-02-03,2023-07-07,p793,v793
h794,Infection,2024-01-01,2024-01-22,2024-11-08,p794,v794
h795,Infection,2023-04-16,2024-03-11,2023-12-25,p795,v795
h796,Hypertension,2024-05-27,2023-06-06,2023-02-15,p796,v796
h797,Migraine,2024-06-26,2024-07-11,2024-10-19,p797,v797
h798,Fracture,2023-09-18,2023-08-24,2024-02-16,p798,v798
h799,Hypertension,2024-03-18,2024-03-19,2024-01-12,p799,v799
h800,Flu,2024-05-16,2024-07-02,2023-01-06,p800,v800
h801,Flu,2024-08-24,2024-10-14,2023-10-05,p801,v801
h802,Asthma,2024-07-26,2023-05-14,2023-07-13,p802,v802
h803,Migraine,2023-06-18,2023-06-11,2024-02-23,p803,v803
h804,Diabetes,2024-11-17,2024-03-22,2023-11-03,p804,v804
h805,Flu,2024-10-12,2023-07-05,2024-06-05,p805,v805
h806,Hypertension,2023-05-14,2024-11-21,2024-05-22,p806,v806
h807,Cancer,2023-05-20,2024-03-12,2023-12-31,p807,v807
h808,Diabetes,2024-11-01,2023-01-18,2024-02-09,p808,v808
h809,Hypertension,2023-05-07,2024-09-02,2024-02-07,p809,v809
h810,Fracture,2024-04-25,2024-01-01,2023-08-02,p810,v810
h811,Asthma,2024-11-17,2024-07-08,2024-05-24,p811,v811
h812,Diabetes,2024-02-04,2023-08-14,2024-10-20,p812,v812
h813,Diabetes,2024-12-13,2024-03-25,2024-10-01,p813,v813
h814,Flu,2024-04-21,2024-04-09,2023-11-02,p814,v814
h815,Cancer,2024-05-20,2024-03-09,2024-03-27,p815,v815
h816,Infection,2024-09-15,2024-11-08,2023-03-24,p816,v816
h817,Diabetes,2024-04-28,2024-07-27,2024-05-07,p817,v817
h818,Hypertension,2023-12-10,2024-10-29,2024-01-27,p818,v818
h819,Diabetes,2023-01-13,2023-12-23,2023-01-03,p819,v819
h820,Fracture,2023-04-01,2024-12-27,2024-03-11,p820,v820
h821,Cancer,2024-09-05,2023-12-26,2024-02-20,p821,v821
h822,Flu,2023-01-22,2023-11-29,2024-01-18,p822,v822
h823,Hypertension,2024-11-02,2024-12-22,2023-07-05,p823,v823
h824,Diabetes,2023-04-19,2024-06-25,2023-08-26,p824,v824
h825,Fracture,2023-01-30,2023-01-23,2023-11-02,p825,v825
h826,Migraine,2023-08-29,2024-08-02,2024-11-13,p826,v826
h827,Diabetes,2024-08-17,2024-03-18,2024-05-06,p827,v827
h828,Diabetes,2024-01-28,2024-09-29,2023-05-31,p828,v828
h829,Infection,2023-07-28,2024-08-14,2023-04-15,p829,v829
h830,Diabetes,2023-12-03,2024-05-11,2023-07-07,p830,v830
h831,Migraine,2023-09-22,2024-03-08,2024-03-23,p831,v831
h832,Hypertension,2024-07-22,2023-08-18,2024-11-15,p832,v832
h833,Infection,2024-04-24,2023-10-09,2024-04-20,p833,v833
h834,Fracture,2024-10-02,2023-12-18,2024-03-23,p834,v834
h835,Infection,2023-01-05,2024-01-18,2023-01-17,p835,v835
h836,Diabetes,2023-07-10,2024-12-05,2023-04-02,p836,v836
h837,Hypertension,2024-08-28,2024-01-02,2023-06-10,p837,v837
h838,Fracture,2024-10-12,2024-05-03,2024-01-08,p838,v838
h839,Cancer,2023-05-08,2024-03-20,2024-03-21,p839,v839
h840,Flu,2023-02-09,2024-10-15,2024-04-28,p840,v840
h841,Flu,2024-01-04,2024-12-28,2023-11-14,p841,v841
h842,Diabetes,2024-09-04,2023-10-24,2024-06-14,p842,v842
h843,Cancer,2023-08-06,2023-06-05,2024-04-16,p843,v843
h844,Fracture,2024-05-28,2023-03-23,2024-03-13,p844,v844
h845,Asthma,2023-06-10,2023-04-24,2023-02-24,p845,v845
h846,Asthma,2023-06-06,2023-12-26,2023-04-01,p846,v846
h847,Cancer,2024-05-17,2024-01-14,2024-11-11,p847,v847
h848,Hypertension,2023-09-29,2024-04-10,2023-07-26,p848,v848
h849,Infection,2023-07-22,2023-05-27,2023-05-14,p849,v849
h850,Flu,2024-05-21,2023-03-02,2024-01-10,p850,v850
h851,Hypertension,2023-02-03,2023-01-20,2024-12-28,p851,v851
h852,Hypertension,2023-11-18,2023-09-19,2024-09-08,p852,v852
h853,Cancer,2023-11-08,2023-04-10,2024-05-13,p853,v853
h854,Migraine,2023-11-07,2023-05-25,2023-10-18,p854,v854
h855,Asthma,2024-12-11,2023-11-25,2023-01-02,p855,v855
h856,Hypertension,2024-02-14,2023-11-22,2024-06-13,p856,v856
h857,Migraine,2023-02-20,2024-09-03,2024-01-28,p857,v857
h858,Asthma,2024-04-16,2024-11-03,2023-12-20,p858,v858
h859,Flu,2024-09-10,2024-10-31,2024-03-14,p859,v859
h860,Infection,2024-07-02,2023-08-07,2023-05-13,p860,v860
h861,Diabetes,2023-03-23,2024-07-21,2024-05-20,p861,v861
h862,Migraine,2023-05-05,2024-03-08,2023-01-24,p862,v862
h863,Hypertension,2023-03-18,2024-01-14,2023-02-14,p863,v863
h864,Hypertension,2024-10-07,2023-07-25,2024-08-11,p864,v864
h865,Asthma,2024-05-24,2023-11-25,2023-09-03,p865,v865
h866,Flu,2023-02-28,2024-08-09,2024-06-02,p866,v866
h867,Diabetes,2023-11-05,2024-09-14,2024-12-03,p867,v867
h868,Infection,2024-04-13,2023-04-23,2023-06-20,p868,v868
h869,Fracture,2024-05-30,2024-04-29,2024-03-24,p869,v869
h870,Migraine,2023-09-22,2024-11-13,2023-10-15,p870,v870
h871,Asthma,2023-11-03,2023-03-21,2024-04-09,p871,v871
h872,Diabetes,2023-12-15,2024-05-29,2024-04-09,p872,v872
h873,Fracture,2024-05-31,2024-09-19,2023-04-12,p873,v873
h874,Flu,2023-01-29,2023-08-22,2023-09-01,p874,v874
h875,Hypertension,2024-12-10,2023-07-16,2024-01-14,p875,v875
h876,Asthma,2023-02-20,2023-06-21,2023-06-09,p876,v876
h877,Hypertension,2023-04-30,2023-10-20,2023-01-12,p877,v877
h878,Infection,2024-01-26,2024-02-13,2023-04-02,p878,v878
h879,Hypertension,2023-10-09,2024-01-08,2024-10-09,p879,v879
h880,Fracture,2024-04-26,2023-12-31,2024-02-29,p880,v880
h881,Fracture,2023-08-06,2023-06-20,2024-02-17,p881,v881
h882,Diabetes,2024-12-24,2023-08-16,2023-11-26,p882,v882
h883,Cancer,2023-04-24,2024-11-29,2023-04-23,p883,v883
h884,Fracture,2023-07-26,2023-08-20,2023-10-04,p884,v884
h885,Hypertension,2023-04-17,2024-08-06,2024-08-05,p885,v885
h886,Migraine,2024-03-26,2023-01-14,2024-12-20,p886,v886
h887,Diabetes,2023-07-17,2024-04-08,2024-09-26,p887,v887
h888,Fracture,2023-01-17,2024-11-03,2024-01-19,p888,v888
h889,Asthma,2023-10-13,2024-05-22,2023-04-25,p889,v889
h890,Flu,2023-10-07,2024-02-19,2023-07-18,p890,v890
h891,Hypertension,2024-02-09,2024-06-22,2023-10-07,p891,v891
h892,Migraine,2023-02-11,2024-04-19,2024-07-23,p892,v892
h893,Migraine,2023-06-04,2024-06-23,2023-03-09,p893,v893
h894,Migraine,2024-05-09,2024-05-04,2023-01-12,p894,v894
h895,Hypertension,2023-05-02,2023-06-26,2023-04-15,p895,v895
h896,Hypertension,2023-06-16,2023-12-30,2023-10-05,p896,v896
h897,Hypertension,2023-10-31,2024-08-19,2023-02-09,p897,v897
h898,Fracture,2024-05-17,2024-07-28,2024-07-19,p898,v898
h899,Migraine,2023-03-14,2023-12-15,2024-12-19,p899,v899
h900,Diabetes,2024-10-02,2024-12-27,2024-05-07,p900,v900
h901,Asthma,2023-02-27,2023-04-09,2024-02-22,p901,v901
h902,Diabetes,2024-04-30,2023-04-15,2023-01-17,p902,v902
h903,Cancer,2023-04-18,2024-06-26,2023-06-17,p903,v903
h904,Migraine,2024-03-06,2024-09-20,2024-12-06,p904,v904
h905,Diabetes,2024-03-21,2024-06-22,2023-06-30,p905,v905
h906,Diabetes,2024-01-24,2024-07-05,2024-01-07,p906,v906
h907,Migraine,2024-03-18,2023-12-22,2023-07-12,p907,v907
h908,Hypertension,2024-04-24,2024-01-12,2023-03-01,p908,v908
h909,Asthma,2023-04-04,2023-03-27,2023-02-20,p909,v909
h910,Infection,2024-10-05,2023-06-12,2024-10-23,p910,v910
h911,Fracture,2023-11-03,2024-01-04,2023-01-20,p911,v911
h912,Migraine,2023-12-09,2023-03-25,2024-05-30,p912,v912
h913,Flu,2023-09-20,2023-08-25,2023-08-06,p913,v913
h914,Hypertension,2023-08-10,2024-10-07,2024-10-15,p914,v914
h915,Cancer,2023-06-27,2024-03-02,2024-03-14,p915,v915
h916,Migraine,2023-12-17,2023-03-02,2023-09-16,p916,v916
h917,Diabetes,2024-11-07,2023-12-05,2023-09-25,p917,v917
h918,Infection,2024-06-23,2024-06-01,2023-01-19,p918,v918
h919,Flu,2023-02-17,2023-02-17,2023-09-04,p919,v919
h920,Migraine,2023-04-24,2023-02-05,2023-03-14,p920,v920
h921,Flu,2024-02-18,2024-03-04,2023-12-10,p921,v921
h922,Diabetes,2024-05-29,2024-11-27,2024-11-13,p922,v922
h923,Infection,2024-01-23,2024-09-03,2024-10-07,p923,v923
h924,Asthma,2024-04-20,2023-06-06,2024-12-18,p924,v924
h925,Fracture,2023-05-25,2024-11-02,2023-03-22,p925,v925
h926,Fracture,2024-02-15,2024-08-17,2024-06-10,p926,v926
h927,Asthma,2023-11-20,2024-06-09,2023-03-04,p927,v927
h928,Infection,2023-08-07,2023-08-13,2023-01-09,p928,v928
h929,Diabetes,2024-11-14,2024-07-05,2023-09-05,p929,v929
h930,Asthma,2023-03-26,2024-02-11,2024-07-08,p930,v930
h931,Migraine,2023-12-18,2024-08-06,2023-08-14,p931,v931
h932,Cancer,2023-03-02,2024-03-13,2023-05-28,p932,v932
h933,Infection,2024-11-15,2024-01-15,2024-02-18,p933,v933
h934,Asthma,2024-01-30,2023-05-23,2024-02-03,p934,v934
h935,Infection,2023-06-13,2023-09-11,2023-03-01,p935,v935
h936,Fracture,2024-03-30,2024-10-18,2024-03-30,p936,v936
h937,Flu,2023-06-12,2024-09-07,2024-07-05,p937,v937
h938,Migraine,2023-09-19,2023-10-17,2023-03-01,p938,v938
h939,Flu,2024-02-14,2024-09-05,2023-10-25,p939,v939
h940,Infection,2024-06-02,2024-09-08,2023-01-30,p940,v940
h941,Diabetes,2024-01-09,2023-08-27,2024-08-30,p941,v941
h942,Hypertension,2023-03-13,2023-10-21,2024-11-18,p942,v942
h943,Asthma,2024-10-21,2024-07-20,2024-08-26,p943,v943
h944,Asthma,2023-12-24,2023-11-18,2024-02-29,p944,v944
h945,Diabetes,2024-08-08,2023-01-18,2023-09-30,p945,v945
h946,Flu,2023-08-16,2024-07-10,2024-12-28,p946,v946
h947,Cancer,2024-10-21,2023-01-16,2024-08-04,p947,v947
h948,Hypertension,2024-09-25,2023-03-16,2024-11-17,p948,v948
h949,Fracture,2024-01-31,2024-02-11,2024-01-03,p949,v949
h950,Asthma,2023-01-06,2024-07-01,2023-08-30,p950,v950
h951,Cancer,2023-05-24,2024-10-28,2024-02-05,p951,v951
h952,Cancer,2024-02-01,2024-11-08,2024-07-17,p952,v952
h953,Fracture,2023-01-13,2024-09-01,2023-08-17,p953,v953
h954,Cancer,2024-11-24,2023-02-22,2023-07-25,p954,v954
h955,Flu,2023-01-18,2024-03-17,2024-04-07,p955,v955
h956,Infection,2024-02-10,2024-06-13,2023-10-19,p956,v956
h957,Hypertension,2024-11-02,2023-02-20,2024-04-08,p957,v957
h958,Infection,2024-03-15,2023-11-27,2023-07-26,p958,v958
h959,Diabetes,2024-12-16,2024-08-20,2023-10-18,p959,v959
h960,Infection,2024-03-13,2023-07-09,2023-11-06,p960,v960
h961,Infection,2023-01-14,2024-01-17,2024-08-22,p961,v961
h962,Cancer,2023-09-23,2024-02-24,2024-08-14,p962,v962
h963,Infection,2024-01-18,2024-04-14,2023-05-18,p963,v963
h964,Cancer,2023-06-02,2024-01-26,2023-11-03,p964,v964
h965,Flu,2024-05-03,2024-10-25,2023-05-18,p965,v965
h966,Hypertension,2024-02-16,2023-05-08,2024-10-01,p966,v966
h967,Cancer,2023-05-27,2023-11-08,2023-01-19,p967,v967
h968,Diabetes,2023-03-18,2024-08-18,2023-06-02,p968,v968
h969,Infection,2023-04-02,2024-11-26,2024-11-23,p969,v969
h970,Infection,2024-04-16,2023-02-26,2023-08-19,p970,v970
h971,Diabetes,2023-11-11,2023-07-30,2024-11-29,p971,v971
h972,Hypertension,2024-10-18,2024-09-09,2024-11-14,p972,v972
h973,Cancer,2023-03-10,2023-07-17,2024-07-10,p973,v973
h974,Infection,2024-01-30,2024-03-05,2024-09-05,p974,v974
h975,Flu,2024-11-22,2023-07-10,2023-08-06,p975,v975
h976,Hypertension,2024-11-16,2023-10-26,2023-05-19,p976,v976
h977,Hypertension,2024-01-08,2024-05-26,2024-04-03,p977,v977
h978,Flu,2023-12-27,2023-12-11,2024-06-13,p978,v978
h979,Cancer,2023-03-28,2023-07-29,2023-05-30,p979,v979
h980,Infection,2024-07-22,2024-09-11,2024-09-13,p980,v980
h981,Hypertension,2024-10-11,2023-08-31,2024-09-13,p981,v981
h982,Cancer,2023-07-14,2024-11-22,2023-05-30,p982,v982
h983,Cancer,2024-09-01,2023-07-13,2023-01-01,p983,v983
h984,Hypertension,2023-09-03,2023-07-15,2023-01-02,p984,v984
h985,Hypertension,2023-06-25,2024-04-25,2024-11-27,p985,v985
h986,Infection,2024-05-14,2024-03-12,2024-02-01,p986,v986
h987,Flu,2024-01-01,2023-05-14,2023-08-28,p987,v987
h988,Infection,2024-03-03,2024-06-15,2023-04-08,p988,v988
h989,Infection,2023-09-09,2024-12-07,2023-08-02,p989,v989
h990,Hypertension,2023-09-18,2024-05-11,2024-08-23,p990,v990
h991,Infection,2023-04-08,2023-01-24,2023-03-04,p991,v991
h992,Flu,2024-04-03,2023-01-29,2023-06-14,p992,v992
h993,Asthma,2023-01-23,2023-03-14,2024-04-12,p993,v993
h994,Asthma,2023-09-21,2024-07-17,2024-06-08,p994,v994
h995,Flu,2023-05-20,2023-08-22,2023-10-26,p995,v995
h996,Infection,2023-03-09,2023-12-27,2023-06-04,p996,v996
h997,Hypertension,2023-11-01,2024-10-16,2023-10-12,p997,v997
h998,Flu,2023-08-28,2023-11-29,2023-01-11,p998,v998
h999,Diabetes,2024-07-29,2023-02-28,2024-10-04,p999,v999
h1000,Flu,2023-10-01,2023-12-21,2023-11-23,p1000,v1000
